http://audioboo.fm/boos/273840-the-big-c.mp3?source=rss,2
http://audioboo.fm/boos/276197-.mp3?source=rss,2
http://audioboo.fm/boos/279740-.mp3?source=rss,2
http://audioboo.fm/boos/284719-500.mp3?source=rss,2
http://file.podfm.ru/1/13/134/1341/mp3/podfm_ohotnik_06.mp3,3
http://files.mirkforce.net/0/50/150/hdr-03-20090409.mp3,2
http://files.mirkforce.net/1/51/351/20100406-hdr-10--64kbps.mp3,2
http://files.mirkforce.net/3/43/343/20100318-hdr-7.mp3,8
http://files.mirkforce.net/7/37/337/20100311-hdr-6.mp3,1
http://files.mirkforce.net/8/48/348/20100331-hdr-8--64kbps.mp3,3
http://files.mirkforce.net/justin.forest/2010/05/30/20100530-hdr-11.mp3,3
http://files.mirkforce.net/justin.forest/2010/06/14/20100614-hdr-12.mp3,6
http://files.mirkforce.net/justin.forest/2010/06/24/20100624-hdr-13.mp3,4
http://files.mirkforce.net/justin.forest/2010/07/12/20100712-hdr-14.mp3,6
http://files.mirkforce.net/justin.forest/2010/09/19/dcp-19-20100911.mp3,2
http://files.tmradio.net/audio/about/severed-fifth/severed-fifth.mp3,3
http://files.tmradio.net/audio/dump/20110916-162044-live.mp3,4
http://files.tmradio.net/audio/dump/20110916-230913-live.mp3,5
http://files.tmradio.net/audio/dump/20110922-174751-live.mp3,4
http://files.tmradio.net/audio/dump/20110922-204353-live.mp3,4
http://files.tmradio.net/audio/dump/20110922-210546-live.mp3,4
http://files.tmradio.net/audio/dump/20110924-000450-live.mp3,9
http://files.tmradio.net/audio/dump/20110929-203028-live.mp3,6
http://files.tmradio.net/audio/dump/20110929-210129-live.mp3,93
http://files.tmradio.net/audio/dump/20110929-220844-live.mp3,5
http://files.tmradio.net/audio/dump/20111004-230058-live.mp3,7
http://files.tmradio.net/audio/dump/20111006-205100-live.mp3,5
http://files.tmradio.net/audio/dump/20111006-210124-live.mp3,82
http://files.tmradio.net/audio/dump/20111006-220707-live.mp3,6
http://files.tmradio.net/audio/dump/20111013-205625-live.mp3,5
http://files.tmradio.net/audio/dump/20111013-210315-live.mp3,86
http://files.tmradio.net/audio/dump/20111020-204433-live.mp3,5
http://files.tmradio.net/audio/dump/20111020-210209-live.mp3,92
http://files.tmradio.net/audio/dump/20111027-202549-live.mp3,5
http://files.tmradio.net/audio/dump/20111027-210251-live.mp3,80
http://files.tmradio.net/audio/dump/20111103-203144-live.mp3,6
http://files.tmradio.net/audio/dump/20111103-210150-live.mp3,84
http://files.tmradio.net/audio/dump/20111103-230718-live.mp3,6
http://files.tmradio.net/audio/dump/20111110-204511-live.mp3,6
http://files.tmradio.net/audio/dump/20111110-210350-live.mp3,81
http://files.tmradio.net/audio/dump/20111110-230350-live.mp3,6
http://files.tmradio.net/audio/dump/20111117-203556-live.mp3,5
http://files.tmradio.net/audio/dump/20111117-210404-live.mp3,81
http://files.tmradio.net/audio/dump/20111124-203506-live.mp3,6
http://files.tmradio.net/audio/dump/20111124-210510-live.mp3,214
http://files.tmradio.net/audio/dump/20111201-203431-live.mp3,5
http://files.tmradio.net/audio/dump/20111201-210441-live.mp3,105
http://files.tmradio.net/audio/dump/20111208-204917-live.mp3,5
http://files.tmradio.net/audio/dump/20111208-210254-live.mp3,117
http://files.tmradio.net/audio/dump/20111215-204818-live.mp3,4
http://files.tmradio.net/audio/dump/20111215-210426-live.mp3,117
http://files.tmradio.net/audio/dump/20111222-204449-live.mp3,4
http://files.tmradio.net/audio/dump/20111222-210648-live.mp3,115
http://files.tmradio.net/audio/dump/20111224-230635-live.mp3,4
http://files.tmradio.net/audio/dump/20111229-204429-live.mp3,4
http://files.tmradio.net/audio/dump/20111229-210643-live.mp3,81
http://files.tmradio.net/audio/dump/20111229-230827-live.mp3,5
http://files.tmradio.net/audio/geek/geek-01.mp3,2
http://files.tmradio.net/audio/incoming/hotline/2011-10-25-hotline-130915.mp3,5
http://files.tmradio.net/audio/incoming/hotline/2011-10-25-hotline-182643.mp3,5
http://files.tmradio.net/audio/incoming/hotline/2011-10-26-hotline-190026.mp3,6
http://files.tmradio.net/audio/incoming/hotline/2011-10-29-hotline-091721.mp3,6
http://files.tmradio.net/audio/incoming/hotline/2011-10-29-hotline-165254.mp3,5
http://files.tmradio.net/audio/incoming/hotline/2011-10-30-hotline-210754.mp3,6
http://files.tmradio.net/audio/incoming/hotline/2011-10-31-hotline-175654.mp3,6
http://files.tmradio.net/audio/incoming/hotline/2011-11-01-hotline-233631.mp3,6
http://files.tmradio.net/audio/incoming/hotline/2011-11-04-hotline-225202.mp3,4
http://files.tmradio.net/audio/incoming/hotline/2011-11-05-hotline-185253.mp3,6
http://files.tmradio.net/audio/incoming/hotline/2011-11-08-hotline-134735.mp3,6
http://files.tmradio.net/audio/incoming/hotline/2011-11-09-hotline-192914.mp3,6
http://files.tmradio.net/audio/incoming/hotline/2011-11-09-hotline-211512.mp3,6
http://files.tmradio.net/audio/incoming/hotline/2011-11-10-hotline-112946.mp3,5
http://files.tmradio.net/audio/incoming/hotline/2011-11-10-hotline-120219.mp3,5
http://files.tmradio.net/audio/incoming/hotline/2011-11-10-hotline-134621.mp3,6
http://files.tmradio.net/audio/incoming/hotline/2011-11-10-hotline-233200.mp3,6
http://files.tmradio.net/audio/incoming/hotline/2011-11-12-hotline-092351.mp3,8
http://files.tmradio.net/audio/incoming/hotline/2011-11-16-hotline-205751.mp3,6
http://files.tmradio.net/audio/incoming/hotline/2011-11-17-hotline-184120.mp3,5
http://files.tmradio.net/audio/incoming/hotline/2011-11-17-hotline-194223.mp3,5
http://files.tmradio.net/audio/incoming/hotline/2011-11-17-hotline-214717.mp3,7
http://files.tmradio.net/audio/incoming/hotline/2011-11-17-hotline-214805.mp3,7
http://files.tmradio.net/audio/incoming/hotline/2011-11-24-hotline-142645.mp3,5
http://files.tmradio.net/audio/incoming/hotline/2011-11-26-hotline-145842.mp3,5
http://files.tmradio.net/audio/incoming/hotline/2011-12-03-hotline-193737.mp3,5
http://files.tmradio.net/audio/incoming/hotline/2011-12-08-hotline-195912.mp3,6
http://files.tmradio.net/audio/incoming/hotline/2011-12-10-hotline-143740.mp3,5
http://files.tmradio.net/audio/incoming/hotline/2011-12-10-hotline-154506.mp3,5
http://files.tmradio.net/audio/incoming/hotline/2011-12-10-hotline-160954.mp3,5
http://files.tmradio.net/audio/incoming/hotline/2011-12-10-hotline-161125.mp3,5
http://files.tmradio.net/audio/incoming/hotline/2011-12-10-hotline-165129.mp3,5
http://files.tmradio.net/audio/incoming/hotline/2011-12-10-hotline-172015.mp3,6
http://files.tmradio.net/audio/incoming/hotline/2011-12-18-hotline-150416.mp3,3
http://files.tmradio.net/audio/incoming/hotline/2011-12-24-hotline-141446.mp3,4
http://files.tmradio.net/audio/incoming/hotline/2011-12-24-hotline-143013.mp3,4
http://files.tmradio.net/audio/incoming/hotline/2011-12-24-hotline-144717.mp3,4
http://files.tmradio.net/audio/incoming/hotline/2011-12-24-hotline-145943.mp3,4
http://files.tmradio.net/audio/incoming/hotline/2011-12-24-hotline-160430.mp3,4
http://files.tmradio.net/audio/incoming/hotline/20110109-175449.mp3,2
http://files.tmradio.net/audio/incoming/hotline/20110117-143154.mp3,2
http://files.tmradio.net/audio/incoming/hotline/20110118-155534.mp3,2
http://files.tmradio.net/audio/incoming/hotline/20110125-120802.mp3,2
http://files.tmradio.net/audio/incoming/hotline/20110303-152504.mp3,2
http://files.tmradio.net/audio/incoming/hotline/20110412-130902.mp3,2
http://files.tmradio.net/audio/incoming/hotline/20110414-124105.mp3,2
http://files.tmradio.net/audio/incoming/hotline/20110415-172543.mp3,2
http://files.tmradio.net/audio/incoming/hotline/20110422-215603.mp3,1
http://files.tmradio.net/audio/incoming/hotline/20110428-181841.mp3,2
http://files.tmradio.net/audio/incoming/hotline/20110503-184251.mp3,2
http://files.tmradio.net/audio/incoming/hotline/20110504-111221.mp3,2
http://files.tmradio.net/audio/incoming/hotline/20110522-100635.mp3,2
http://files.tmradio.net/audio/incoming/mcasts/hakimovis-iol.mp3,2
http://files.tmradio.net/audio/incoming/mcasts/hakimovis-obgzs.mp3,2
http://files.tmradio.net/audio/incoming/mcasts/hakimovis-thunder.mp3,2
http://files.tmradio.net/audio/incoming/mcasts/iptrx/homeland.mp3,8
http://files.tmradio.net/audio/incoming/mcasts/partyzan/cloud_democracy.mp3,2
http://files.tmradio.net/audio/incoming/mcasts/partyzan/patriotizm.mp3,5
http://files.tmradio.net/audio/incoming/mcasts/rustray-oss-movies.mp3,2
http://files.tmradio.net/audio/incoming/mcasts/sckrat-nerves.mp3,2
http://files.tmradio.net/audio/incoming/mcasts/sckrat-shield.mp3,2
http://files.tmradio.net/audio/incoming/mcasts/steeker/dozor.mp3,2
http://files.tmradio.net/audio/incoming/vvp.mp3,2
http://files.tmradio.net/audio/news/20101215-kaddafi.mp3,2
http://files.tmradio.net/audio/news/20110314-tppa.mp3,2
http://files.tmradio.net/audio/news/20110325-traffic.mp3,2
http://files.tmradio.net/audio/sosonews/sosonews-01.mp3,4
http://files.tmradio.net/audio/sosonews/sosonews-02.mp3,4
http://files.tmradio.net/audio/sosonews/sosonews-03.mp3,3
http://files.tmradio.net/audio/sosonews/sosonews-04.mp3,3
http://files.tmradio.net/audio/sosonews/sosonews-05.mp3,3
http://files.tmradio.net/audio/sosonews/sosonews-06.mp3,3
http://files.tmradio.net/audio/sosonews/sosonews-07.mp3,3
http://files.tmradio.net/audio/sosonews/sosonews-08.mp3,3
http://files.tmradio.net/audio/sosonews/sosonews-09.mp3,3
http://files.tmradio.net/audio/sosonews/sosonews-10.mp3,3
http://files.tmradio.net/audio/sosonews/sosonews-11.mp3,3
http://files.tmradio.net/audio/sosonews/sosonews-12.mp3,3
http://files.tmradio.net/audio/sosonews/sosonews-13.mp3,3
http://files.tmradio.net/audio/sosonews/sosonews-14.mp3,3
http://files.tmradio.net/audio/sosonews/sosonews-15.mp3,3
http://files.tmradio.net/audio/sosonews/sosonews-16.mp3,3
http://files.tmradio.net/audio/sosonews/sosonews-17.mp3,3
http://files.tmradio.net/audio/sosonews/sosonews-18.mp3,4
http://files.tmradio.net/audio/sosonews/sosonews-19.mp3,4
http://files.tmradio.net/audio/sosonews/sosonews-20.mp3,5
http://files.tmradio.net/audio/sosonews/sosonews-21.mp3,14
http://files.tmradio.net/audio/sosonews/sosonews-22.mp3,14
http://files.tmradio.net/audio/sosonews/sosonews-23.mp3,18
http://files.tmradio.net/audio/sosonews/sosonews-24.mp3,18
http://files.tmradio.net/audio/sosonews/sosonews-25.mp3,18
http://files.tmradio.net/audio/sosonews/sosonews-26.mp3,20
http://files.tmradio.net/audio/sosonews/sosonews-27.mp3,104
http://files.tmradio.net/audio/sosonews/sosonews-28.mp3,21
http://files.tmradio.net/audio/sosonews/sosonews-29.mp3,66
http://files.tmradio.net/audio/sosonews/sosonews-30.mp3,51
http://files.tmradio.net/audio/sosonews/sosonews-31.mp3,19
http://files.tmradio.net/audio/sosonews/sosonews-32.mp3,24
http://files.tmradio.net/audio/sosonews/sosonews-33.mp3,82
http://files.tmradio.net/audio/sosonews/sosonews-34.mp3,209
http://files.tmradio.net/audio/sosonews/sosonews-35.mp3,248
http://files.tmradio.net/audio/sosonews/sosonews-36.mp3,255
http://files.tmradio.net/audio/sosonews/sosonews-37.mp3,134
http://files.tmradio.net/audio/sosonews/sosonews-38.mp3,129
http://files.tmradio.net/audio/sosonews/sosonews-39.mp3,123
http://files.tmradio.net/audio/sosonews/sosonews-40.mp3,136
http://files.tmradio.net/audio/sosonews/sosonews-41.mp3,123
http://files.tmradio.net/audio/sosonews/sosonews-42.mp3,7
http://files.tmradio.net/audio/sosonews/sosonews-43.mp3,114
http://files.tmradio.net/live-20101231-185459-corr.mp3,2
http://files.tmradio.net/sosonews-02.mp3,2
http://files.umonkey.net/audio/mcast/books/cdem.mp3,1
http://files.umonkey.net/audio/mcast/books/protocols.mp3,3
http://files.umonkey.net/audio/mcast/books/tranai.mp3,4
http://files.umonkey.net/audio/mcast/devices/logitech-clearchat-comfort.mp3,3
http://files.umonkey.net/audio/mcast/hate/communism.mp3,2
http://files.umonkey.net/audio/mcast/hate/parking.mp3,2
http://files.umonkey.net/audio/mcast/movies/big-bang-theory.mp3,2
http://files.umonkey.net/audio/mcast/movies/conspiracy-theory.mp3,4
http://files.umonkey.net/audio/mcast/movies/malkovich.mp3,2
http://files.umonkey.net/audio/mcast/movies/mr-nobody.mp3,3
http://files.umonkey.net/audio/mcast/movies/sicko.mp3,2
http://files.umonkey.net/audio/mcast/movies/source-code.mp3,6
http://files.umonkey.net/audio/mcast/movies/timeline.mp3,4
http://files.umonkey.net/audio/mcast/movies/tron-legacy.mp3,6
http://files.umonkey.net/audio/mcast/movies/visitors.mp3,2
http://files.umonkey.net/audio/mcast/movies/who-are-you-mme-blavatsky.mp3,3
http://files.umonkey.net/video/2010.12.14-moving-out/moments-20101214-moving.webm,1
http://rpod.ru/get/125067/77153/download/tmp-20091011.mp3,1
http://rpod.ru/personal/external/153751.mp3,5
http://tinypod.umonkey.net/sites/default/files/9/7/dcp-14-20090316.mp3,1
http://vimeo.com/moogaloop.swf?clip_id=8928097&amp;server=vimeo.com&amp;show_title=0&amp;show_byline=0&amp;show_portrait=0&amp;color=00ADEF&amp;fullscreen=1,3
http://www.dugwin.net/files/prokino/prokino-01-tron2.mp3,3
http://www.dugwin.net/files/prokino/prokino-02-this_is_it.mp3,2
http://www.dugwin.net/files/prokino/prokino-03-black_swan.mp3,2
http://www.dugwin.net/files/prokino/prokino-04-american_psycho.mp3,2
http://www.dugwin.net/files/prokino/prokino-05-bladerunner.mp3,2
http://www.dugwin.net/files/prokino/prokino-06-blackhawkdown.mp3,3
http://www.dugwin.net/files/prokino/prokino-07-helvetica.mp3,1
http://www.dugwin.net/files/prokino/prokino-09-melancholia.mp3,1
