http://files.tmradio.net/audio/sosonews/sosonews-01.mp3,121
http://files.tmradio.net/audio/sosonews/sosonews-02.mp3,139
http://files.tmradio.net/audio/sosonews/sosonews-03.mp3,223
http://files.tmradio.net/audio/sosonews/sosonews-04.mp3,162
http://files.tmradio.net/audio/sosonews/sosonews-05.mp3,125
http://files.tmradio.net/audio/sosonews/sosonews-06.mp3,182
http://files.tmradio.net/audio/sosonews/sosonews-07.mp3,154
http://files.tmradio.net/audio/sosonews/sosonews-08.mp3,142
http://files.tmradio.net/audio/sosonews/sosonews-09.mp3,145
http://files.tmradio.net/audio/sosonews/sosonews-10.mp3,158
http://files.tmradio.net/audio/sosonews/sosonews-11.mp3,151
http://files.tmradio.net/audio/sosonews/sosonews-12.mp3,163
http://files.tmradio.net/audio/sosonews/sosonews-13.mp3,17
http://files.tmradio.net/audio/sosonews/sosonews-14.mp3,190
http://files.tmradio.net/audio/sosonews/sosonews-15.mp3,96
http://files.tmradio.net/audio/sosonews/sosonews-16.mp3,162
http://files.tmradio.net/audio/sosonews/sosonews-17.mp3,159
http://files.tmradio.net/audio/sosonews/sosonews-18.mp3,139
http://files.tmradio.net/audio/sosonews/sosonews-19.mp3,147
http://files.tmradio.net/audio/sosonews/sosonews-20.mp3,146
http://files.tmradio.net/audio/sosonews/sosonews-21.mp3,141
http://files.tmradio.net/audio/sosonews/sosonews-22.mp3,281
http://files.tmradio.net/audio/sosonews/sosonews-23.mp3,134
http://files.tmradio.net/audio/sosonews/sosonews-24.mp3,126
http://files.tmradio.net/audio/sosonews/sosonews-25.mp3,113
http://files.tmradio.net/audio/sosonews/sosonews-26.mp3,16
